balance,etiqueta,interpretacion,media_asincronia,media_mitosis,mediana_asincronia,mediana_mitosis,q025_asincronia,q025_mitosis,q975_asincronia,q975_mitosis,diff_media,diff_mediana,diff_q025,diff_q975,diff_p_gt_0,diff_p_lt_0
z1_S10ph_vs_NoS10ph,z1: S10ph / No-S10ph,Balance de la fosforilación global: proteoformas con S10ph frente a proteoformas sin S10ph.,-9.80783992464096,-0.9964071067156366,-9.805506022993349,-0.9970716733643895,-10.574246447892223,-1.3535618813370716,-9.050191507204906,-0.6359577027213323,8.811432817925324,8.808621592025265,7.987215023088389,9.654802026255613,1,0
z2_Ac_vs_NoAc_given_NoS10ph,z2: Ac / No-Ac | S10ph-,"Balance de la acetilación en ausencia de fosforilación: dentro del sustrato S10ph-, compara formas acetiladas frente a formas no acetiladas.",-3.603809919597152,-3.69274986799635,-3.598819370273416,-3.688184229702382,-3.8964429230776934,-4.050298212337032,-3.3404180273623565,-3.365695597881485,-0.08893994839919804,-0.0880263121364735,-0.5171592937823881,0.3253041314217632,0.33925,0.66075
z3_Ac_vs_NoAc_given_S10ph,z3: Ac / No-Ac | S10ph+,"Balance de la acetilación en presencia de fosforilación: dentro del sustrato S10ph+, compara formas acetiladas frente a formas no acetiladas.",-2.2331508254767307,-3.514665068500748,-2.230219757571932,-3.509860774868966,-3.1075764072614667,-3.9131389949632918,-1.3683755269360354,-3.142164057781881,-1.2815142430240172,-1.287249994038394,-2.2014769394071427,-0.3444708402490426,0.00375,0.99625
z4_MonoAc_vs_DiAc,z4: monoacetiladas / diacetiladas,Balance de grado de acetilación: compara variantes monoacetiladas frente a variantes doblemente acetiladas.,2.5230888317743263,4.811282754031559,2.501851081588575,4.795242545581704,1.602162448082841,3.989648889317354,3.585404319088334,5.70732887331876,2.288193922257233,2.296228980108247,0.9480608956958918,3.590670821771391,0.9993125,6.875e-4
