"Proteoforma","Lognormal_V1_SinDia","Lognormal_V1_ConDia","Lognormal_DeltaComun_SinDia","Lognormal_DeltaComun_ConDia","Epistasia_KappaComun_SinDia","Epistasia_KappaComun_ConDia","Epistasia_KappaCond_SinDia","Epistasia_KappaCond_ConDia","Dirichlet_Comun_SinDia","Dirichlet_Cond_SinDia","Dirichlet_Comun_ConDia","Dirichlet_Cond_ConDia"
"unmod",0.0968125,0.0889375,0.239125,0.151125,0.0006875,0,6.25e-05,0,0.0704375,0.043125,0,0
"K9me1",0.1580625,0.1520625,0.273125,0.2159375,0.047875,0,0.0333125,0,0.0466875,0.043125,0,0
"K9me2",0.4549375,0.437875,0.4356875,0.3411875,0.0244375,0,0.010625,0,0.021625,0.016875,0,0
"K9me3",0.1390625,0.1260625,0.22,0.105875,0.0004375,0,6.25e-05,0,0.00025,0.0001875,0,0
"K9ac",0.12325,0.1178125,0.1654375,0.1370625,0.2635,0.3296875,0.6874375,0.8549375,0.33325,0.4389375,0.279,0.2273125
"K14ac",0.095125,0.105375,0.2416875,0.1669375,0.0056875,0,0.0014375,0,0.0086875,0.0060625,0,0
"K9me1K14ac",0.1421875,0.1620625,0.293625,0.2223125,0.0445,0,0.030125,6.25e-05,0.0694375,0.0595625,0,6.25e-05
"K9me2K14ac",0.369125,0.3985,0.4538125,0.376375,0.179875,0.000125,0.1845,0.002,0.14375,0.13025,6.25e-05,0.00025
"K9me3K14ac",0.334875,0.3696875,0.4513125,0.3525,0.273625,0.013625,0.470375,0.091375,0.242875,0.2449375,0.01725,0.0186875
"K9acK14ac",0.0028125,0.0010625,0.0120625,0.0025,0.0879375,0.0026875,0.2843125,0.024875,0.1516875,0.217875,0.009875,0.0101875
"S10ph",0.9881875,0.9975625,0.987375,0.998,1,1,1,1,0.9998125,1,1,1
"K9me1S10ph",0.999875,0.9999375,0.9995,1,1,1,1,1,1,1,1,1
"K9me2S10ph",1,0.9999375,0.996125,0.9993125,1,1,1,1,1,1,1,1
"K9me3S10ph",0.9983125,0.998875,0.97625,0.9960625,1,1,1,1,1,1,1,1
"K9acS10ph",0.99975,1,0.9986875,0.9998125,0.984625,0.9991875,0.998875,1,0.7939375,0.8488125,0.953875,0.9075625
"S10phK14ac",0.9999375,1,1,1,1,1,1,1,0.9993125,0.9998125,1,1
"K9me1S10phK14ac",0.994875,0.99925,0.9938125,0.999125,1,1,1,1,0.9875625,0.993,1,1
"K9me2S10phK14ac",0.9998125,0.999875,0.994,0.99925,1,1,1,1,1,1,1,1
"K9me3S10phK14ac",0.9995,0.99975,0.9856875,0.998125,1,1,1,1,0.9980625,0.998625,1,1
"K9acS10phK14ac",0.3026875,0.3458125,0.268375,0.6011875,0.8666875,0.9116875,0.9671875,0.991625,0.480375,0.5919375,0.557,0.453125
