"Proteoforma","Lognormal_V1_SinDia","Lognormal_V1_ConDia","Lognormal_DeltaComun_SinDia","Lognormal_DeltaComun_ConDia","Epistasia_KappaComun_SinDia","Epistasia_KappaComun_ConDia","Epistasia_KappaCond_SinDia","Epistasia_KappaCond_ConDia","Dirichlet_Comun_SinDia","Dirichlet_Cond_SinDia","Dirichlet_Comun_ConDia","Dirichlet_Cond_ConDia"
"unmod",0.17825,0.1629375,0.314375,0.236,0.014375,0,0.0099375,0,0.1555625,0.1184375,0,0
"K9me1",0.232125,0.236125,0.3448125,0.2918125,0.1301875,0,0.1153125,0.00075,0.122125,0.1176875,0,6.25e-05
"K9me2",0.456375,0.447875,0.449125,0.3849375,0.0899375,0,0.0696875,5e-04,0.0798125,0.073,6.25e-05,0
"K9me3",0.21025,0.1984375,0.2981875,0.1848125,0.0078125,0,0.0061875,0,0.0069375,0.005625,0,0
"K9ac",0.21175,0.2098125,0.26025,0.2269375,0.3593125,0.3925625,0.42275,0.491,0.3851875,0.3835,0.34,0.3409375
"K14ac",0.17275,0.1773125,0.32,0.243875,0.0385,0,0.0244375,6.25e-05,0.0454375,0.03875,0,0
"K9me1K14ac",0.2229375,0.2386875,0.354,0.29975,0.1256875,0.000125,0.0944375,0.0014375,0.1481875,0.1399375,0.0006875,0.0019375
"K9me2K14ac",0.395,0.4131875,0.4656875,0.40825,0.2685,0.001875,0.2839375,0.0183125,0.2314375,0.214,0.00525,0.0069375
"K9me3K14ac",0.3735,0.3969375,0.4650625,0.395375,0.3536875,0.0686875,0.431625,0.1590625,0.314625,0.2955,0.0700625,0.0770625
"K9acK14ac",0.0245625,0.01475,0.0694375,0.023375,0.19925,0.0259375,0.19775,0.0386875,0.243,0.2441875,0.0525625,0.05925
"S10ph",0.9554375,0.9781875,0.947375,0.991875,0.99975,1,1,1,0.995375,0.996625,1,1
"K9me1S10ph",0.9956875,0.9989375,0.9918125,0.9990625,0.999625,1,0.99975,1,0.998625,0.9988125,1,1
"K9me2S10ph",0.9976875,0.9980625,0.975625,0.9961875,1,1,1,1,1,1,1,1
"K9me3S10ph",0.9904375,0.9908125,0.92125,0.98525,1,1,0.9999375,1,0.999875,0.999875,1,1
"K9acS10ph",0.992625,0.9981875,0.987125,0.998125,0.9166875,0.974125,0.9138125,0.96,0.7091875,0.7045,0.8704375,0.876875
"S10phK14ac",0.99775,0.9996875,0.9974375,0.99975,0.9984375,1,0.9989375,1,0.99325,0.9940625,1,1
"K9me1S10phK14ac",0.9604375,0.99125,0.9645,0.9936875,0.99075,1,0.9936875,0.9999375,0.941625,0.9464375,0.9999375,1
"K9me2S10phK14ac",0.995875,0.998375,0.966,0.994625,0.99975,1,0.9998125,1,0.99875,0.998875,1,1
"K9me3S10phK14ac",0.992875,0.9963125,0.94175,0.9878125,0.996,1,0.997125,1,0.9801875,0.9851875,1,1
"K9acS10phK14ac",0.357125,0.3876875,0.3385625,0.5775625,0.7725,0.81275,0.754375,0.7321875,0.48275,0.485875,0.5264375,0.5285
